"gen","xAM","outcome","pheno_1","pheno_2","value","se"
0,"2-variate","gamma","ADHD","ALC",-0.00148945915150753,0.0971924293681333
1,"2-variate","gamma","ADHD","ALC",0.24548704580328,0.101002701065238
2,"2-variate","gamma","ADHD","ALC",0.40933892691096,0.125577376591148
3,"2-variate","gamma","ADHD","ALC",0.513101343355301,0.130497617730898
4,"2-variate","gamma","ADHD","ALC",0.588483141126909,0.134812966964996
5,"2-variate","gamma","ADHD","ALC",0.608867613998756,0.119511805800941
0,"6-variate","gamma","ADHD","ALC",-0.00148945915150753,0.0971924293681333
1,"6-variate","gamma","ADHD","ALC",0.226791100218694,0.104882933305458
2,"6-variate","gamma","ADHD","ALC",0.448499548294229,0.121658375074251
3,"6-variate","gamma","ADHD","ALC",0.595053721658252,0.123863258640038
4,"6-variate","gamma","ADHD","ALC",0.686095713429986,0.114434531263641
5,"6-variate","gamma","ADHD","ALC",0.747326124562824,0.141974426987056
0,"2-variate","rgHE","ADHD","ALC",-0.000448551215431544,0.0292677527690852
1,"2-variate","rgHE","ADHD","ALC",0.0739240191426318,0.0304151463826048
2,"2-variate","rgHE","ADHD","ALC",0.123265052632603,0.0378153679502074
3,"2-variate","rgHE","ADHD","ALC",0.154511293777433,0.0392970130529321
4,"2-variate","rgHE","ADHD","ALC",0.177211091757611,0.0405965068625038
5,"2-variate","rgHE","ADHD","ALC",0.183349526643405,0.0359888371748337
0,"6-variate","rgHE","ADHD","ALC",-0.000448551215431544,0.0292677527690852
1,"6-variate","rgHE","ADHD","ALC",0.0682940591944831,0.0315836062362653
2,"6-variate","rgHE","ADHD","ALC",0.13505753974154,0.0366352332133538
3,"6-variate","rgHE","ADHD","ALC",0.17918972151746,0.0372991912579705
4,"6-variate","rgHE","ADHD","ALC",0.206605395653126,0.0344599029346812
5,"6-variate","rgHE","ADHD","ALC",0.225043830850135,0.0427530458046297
0,"2-variate","rgtrue","ADHD","ALC",-0.00114045236003145,0.0105860867480705
1,"2-variate","rgtrue","ADHD","ALC",0.0348866664674129,0.0132955590711094
2,"2-variate","rgtrue","ADHD","ALC",0.0614113624011738,0.0155860812472634
3,"2-variate","rgtrue","ADHD","ALC",0.0738353352581355,0.0179371388693016
4,"2-variate","rgtrue","ADHD","ALC",0.0860352391211169,0.0180842908353723
5,"2-variate","rgtrue","ADHD","ALC",0.0916940504926307,0.017120869957665
0,"6-variate","rgtrue","ADHD","ALC",-0.00114045236003145,0.0105860867480705
1,"6-variate","rgtrue","ADHD","ALC",0.0358738368358871,0.0128015879265952
2,"6-variate","rgtrue","ADHD","ALC",0.0622153084490567,0.0153037220434675
3,"6-variate","rgtrue","ADHD","ALC",0.0854576116297168,0.0176894472164863
4,"6-variate","rgtrue","ADHD","ALC",0.0916510274199512,0.0164544207858659
5,"6-variate","rgtrue","ADHD","ALC",0.100516309894726,0.0187298136068667
0,"2-variate","gamma","ADHD","ANX",0.0160791054283573,0.0767584394766351
1,"2-variate","gamma","ADHD","ANX",0.197629667561858,0.0976834800925925
2,"2-variate","gamma","ADHD","ANX",0.350737363748148,0.087158637111327
3,"2-variate","gamma","ADHD","ANX",0.453942547918579,0.109513029175174
4,"2-variate","gamma","ADHD","ANX",0.494056973947154,0.123830534399305
5,"2-variate","gamma","ADHD","ANX",0.535593371531358,0.111272962109924
0,"6-variate","gamma","ADHD","ANX",0.0160791054283573,0.0767584394766351
1,"6-variate","gamma","ADHD","ANX",0.231183348418094,0.0834996184627521
2,"6-variate","gamma","ADHD","ANX",0.39264083631623,0.107548931604487
3,"6-variate","gamma","ADHD","ANX",0.528724496137081,0.0952178914982507
4,"6-variate","gamma","ADHD","ANX",0.604159539011926,0.0951936471045132
5,"6-variate","gamma","ADHD","ANX",0.644063916696843,0.111572229252764
0,"2-variate","rgHE","ADHD","ANX",0.00558121339939758,0.0266434685456129
1,"2-variate","rgHE","ADHD","ANX",0.0685988204411964,0.033906719900758
2,"2-variate","rgHE","ADHD","ANX",0.121743781647067,0.030253460049854
3,"2-variate","rgHE","ADHD","ANX",0.157567076617696,0.0380128450406969
4,"2-variate","rgHE","ADHD","ANX",0.171491131074633,0.0429825789429813
5,"2-variate","rgHE","ADHD","ANX",0.185908719332837,0.0386237376860051
0,"6-variate","rgHE","ADHD","ANX",0.00558121339939758,0.0266434685456129
1,"6-variate","rgHE","ADHD","ANX",0.0802455562057909,0.0289833839562921
2,"6-variate","rgHE","ADHD","ANX",0.136288777765867,0.0373310973520222
3,"6-variate","rgHE","ADHD","ANX",0.183524491047446,0.0330508928804349
4,"6-variate","rgHE","ADHD","ANX",0.209708627388419,0.0330424743390794
5,"6-variate","rgHE","ADHD","ANX",0.223559680452231,0.0387276180064104
0,"2-variate","rgtrue","ADHD","ANX",0.00129628677736595,0.0115701615160936
1,"2-variate","rgtrue","ADHD","ANX",0.0420248015465027,0.013014654326829
2,"2-variate","rgtrue","ADHD","ANX",0.0594107238015215,0.013236921438986
3,"2-variate","rgtrue","ADHD","ANX",0.0760673066314123,0.0176158308314732
4,"2-variate","rgtrue","ADHD","ANX",0.0831082543034506,0.0200577298394669
5,"2-variate","rgtrue","ADHD","ANX",0.09356121467686,0.0186487556480644
0,"6-variate","rgtrue","ADHD","ANX",0.00129628677736595,0.0115701615160936
1,"6-variate","rgtrue","ADHD","ANX",0.0384632961758019,0.0134989520274396
2,"6-variate","rgtrue","ADHD","ANX",0.0601845121450212,0.0162044068122268
3,"6-variate","rgtrue","ADHD","ANX",0.0814179478752284,0.0143996653721013
4,"6-variate","rgtrue","ADHD","ANX",0.0956786217817644,0.0141043991459736
5,"6-variate","rgtrue","ADHD","ANX",0.104157913077189,0.019166160730304
0,"2-variate","gamma","ALC","ANX",-0.00814417064586841,0.0971043558477966
1,"2-variate","gamma","ALC","ANX",0.0973788603006537,0.102041180481512
2,"2-variate","gamma","ALC","ANX",0.176451300743678,0.0956748581903875
3,"2-variate","gamma","ALC","ANX",0.260295689880544,0.0789045837029501
4,"2-variate","gamma","ALC","ANX",0.263348865046557,0.100900210597628
5,"2-variate","gamma","ALC","ANX",0.261329814654916,0.0940175391447323
0,"6-variate","gamma","ALC","ANX",-0.00814417064586841,0.0971043558477966
1,"6-variate","gamma","ALC","ANX",0.130980049495785,0.120014829458938
2,"6-variate","gamma","ALC","ANX",0.207078227962616,0.101198844852933
3,"6-variate","gamma","ALC","ANX",0.329350447208045,0.0968838797550926
4,"6-variate","gamma","ALC","ANX",0.41304962540188,0.0904775758272247
5,"6-variate","gamma","ALC","ANX",0.440382442755509,0.116791003111584
0,"2-variate","rgHE","ALC","ANX",-0.00268102140429899,0.0319663854005563
1,"2-variate","rgHE","ALC","ANX",0.0320567239839098,0.0335915688338413
2,"2-variate","rgHE","ALC","ANX",0.058087068262298,0.0314957984336566
3,"2-variate","rgHE","ALC","ANX",0.0856883486106027,0.0259750895463937
4,"2-variate","rgHE","ALC","ANX",0.0866934286333909,0.0332159683743691
5,"2-variate","rgHE","ALC","ANX",0.0860287952331363,0.0309502155989881
0,"6-variate","rgHE","ALC","ANX",-0.00268102140429899,0.0319663854005563
1,"6-variate","rgHE","ALC","ANX",0.0431181322880835,0.0395084269194021
2,"6-variate","rgHE","ALC","ANX",0.0681693500412119,0.0333142772207152
3,"6-variate","rgHE","ALC","ANX",0.108420918560669,0.0318938047087378
4,"6-variate","rgHE","ALC","ANX",0.135974359067396,0.0297848806756888
5,"6-variate","rgHE","ALC","ANX",0.144972241275554,0.0384471490316099
0,"2-variate","rgtrue","ALC","ANX",-0.000681053372587002,0.0131859934116237
1,"2-variate","rgtrue","ALC","ANX",0.0177347348832916,0.0122232448469251
2,"2-variate","rgtrue","ALC","ANX",0.0306141406074166,0.0127240211460038
3,"2-variate","rgtrue","ALC","ANX",0.039209982993369,0.0117793637735249
4,"2-variate","rgtrue","ALC","ANX",0.0411783001332287,0.0135970340751608
5,"2-variate","rgtrue","ALC","ANX",0.0442358053427841,0.0132666388668454
0,"6-variate","rgtrue","ALC","ANX",-0.000681053372587002,0.0131859934116237
1,"6-variate","rgtrue","ALC","ANX",0.0144918358401047,0.0153460472906317
2,"6-variate","rgtrue","ALC","ANX",0.033466369628498,0.0131261140091193
3,"6-variate","rgtrue","ALC","ANX",0.0452692406339751,0.0137168034522132
4,"6-variate","rgtrue","ALC","ANX",0.0540888998247795,0.0122577400511078
5,"6-variate","rgtrue","ALC","ANX",0.0614924647650374,0.015352761081567
0,"2-variate","gamma","ADHD","BIP",-0.00444989776970888,0.148366062726747
1,"2-variate","gamma","ADHD","BIP",0.392820480618788,0.176978325095969
2,"2-variate","gamma","ADHD","BIP",0.667194818019863,0.204702165477916
3,"2-variate","gamma","ADHD","BIP",0.837495999467688,0.26703200335872
4,"2-variate","gamma","ADHD","BIP",0.97384125080588,0.297820711794986
5,"2-variate","gamma","ADHD","BIP",0.96850632060027,0.288543944268779
0,"6-variate","gamma","ADHD","BIP",-0.00444989776970888,0.148366062726747
1,"6-variate","gamma","ADHD","BIP",0.483356536560894,0.182250351555324
2,"6-variate","gamma","ADHD","BIP",0.77181779745137,0.24372671574304
3,"6-variate","gamma","ADHD","BIP",0.95764314823016,0.263888624417624
4,"6-variate","gamma","ADHD","BIP",1.04960643584159,0.21080254313924
5,"6-variate","gamma","ADHD","BIP",1.20768351915323,0.293574704967457
0,"2-variate","rgHE","ADHD","BIP",-0.000788670531639097,0.0262953035258079
1,"2-variate","rgHE","ADHD","BIP",0.0696205777491042,0.0313663243408762
2,"2-variate","rgHE","ADHD","BIP",0.11824868027154,0.0362798951122802
3,"2-variate","rgHE","ADHD","BIP",0.14843164233568,0.047326768808702
4,"2-variate","rgHE","ADHD","BIP",0.172596401354309,0.0527835327379183
5,"2-variate","rgHE","ADHD","BIP",0.171650877888136,0.0511393902446121
0,"6-variate","rgHE","ADHD","BIP",-0.000788670531639097,0.0262953035258079
1,"6-variate","rgHE","ADHD","BIP",0.0856665397698959,0.0323007018530388
2,"6-variate","rgHE","ADHD","BIP",0.13679126267354,0.0431963105745426
3,"6-variate","rgHE","ADHD","BIP",0.169725589114938,0.0467696560486637
4,"6-variate","rgHE","ADHD","BIP",0.186024497903432,0.0373610721592309
5,"6-variate","rgHE","ADHD","BIP",0.214040936845618,0.0520310089597076
0,"2-variate","rgtrue","ADHD","BIP",0.000737615991636238,0.0109904928855256
1,"2-variate","rgtrue","ADHD","BIP",0.0357709545251865,0.0152375465974842
2,"2-variate","rgtrue","ADHD","BIP",0.0591611127410391,0.0168072870697238
3,"2-variate","rgtrue","ADHD","BIP",0.0697841237840608,0.0223589099088666
4,"2-variate","rgtrue","ADHD","BIP",0.0807514528497486,0.023801796112739
5,"2-variate","rgtrue","ADHD","BIP",0.0834867603424738,0.0241438804117461
0,"6-variate","rgtrue","ADHD","BIP",0.000737615991636238,0.0109904928855256
1,"6-variate","rgtrue","ADHD","BIP",0.0391893776112928,0.014397357289516
2,"6-variate","rgtrue","ADHD","BIP",0.0614856306243744,0.018917051902306
3,"6-variate","rgtrue","ADHD","BIP",0.0729412870400057,0.0210351953333721
4,"6-variate","rgtrue","ADHD","BIP",0.0839243817371175,0.0203001448236081
5,"6-variate","rgtrue","ADHD","BIP",0.0886392150373275,0.0226390062861845
0,"2-variate","gamma","ALC","BIP",0.0477846555968135,0.123742047360088
1,"2-variate","gamma","ALC","BIP",0.213191380947747,0.112018200145202
2,"2-variate","gamma","ALC","BIP",0.304232165280598,0.126944579544772
3,"2-variate","gamma","ALC","BIP",0.381711160932711,0.144867177366218
4,"2-variate","gamma","ALC","BIP",0.447444072409437,0.116143594962844
5,"2-variate","gamma","ALC","BIP",0.467942594710125,0.105793856000558
0,"6-variate","gamma","ALC","BIP",0.0477846555968135,0.123742047360088
1,"6-variate","gamma","ALC","BIP",0.25130003701062,0.127490585635982
2,"6-variate","gamma","ALC","BIP",0.448896135233969,0.117807995004953
3,"6-variate","gamma","ALC","BIP",0.529650399091348,0.133409087978816
4,"6-variate","gamma","ALC","BIP",0.617130508663222,0.146051075600812
5,"6-variate","gamma","ALC","BIP",0.696474512415148,0.154504455209632
0,"2-variate","rgHE","ALC","BIP",0.0122568325534427,0.0317400445209149
1,"2-variate","rgHE","ALC","BIP",0.0546839382540651,0.0287328611555231
2,"2-variate","rgHE","ALC","BIP",0.0780360734115785,0.0325615023247381
3,"2-variate","rgHE","ALC","BIP",0.0979095579526413,0.0371586796548598
4,"2-variate","rgHE","ALC","BIP",0.114770187712804,0.029791038970598
5,"2-variate","rgHE","ALC","BIP",0.120028165685927,0.0271363042682348
0,"6-variate","rgHE","ALC","BIP",0.0122568325534427,0.0317400445209149
1,"6-variate","rgHE","ALC","BIP",0.0644588857996537,0.0327015588256408
2,"6-variate","rgHE","ALC","BIP",0.115142620909058,0.0302179513944152
3,"6-variate","rgHE","ALC","BIP",0.135856199891289,0.034219662979718
4,"6-variate","rgHE","ALC","BIP",0.158295036404684,0.0374623494135851
5,"6-variate","rgHE","ALC","BIP",0.1786469822496,0.0396306562375411
0,"2-variate","rgtrue","ALC","BIP",0.00326729517382106,0.0101412160501777
1,"2-variate","rgtrue","ALC","BIP",0.0238152912509588,0.0117086191485578
2,"2-variate","rgtrue","ALC","BIP",0.0370125955585095,0.0132083312845843
3,"2-variate","rgtrue","ALC","BIP",0.0470694228907973,0.0129401045967452
4,"2-variate","rgtrue","ALC","BIP",0.0551827927017062,0.0125806980972592
5,"2-variate","rgtrue","ALC","BIP",0.0582450435990061,0.0134555638295027
0,"6-variate","rgtrue","ALC","BIP",0.00326729517382106,0.0101412160501777
1,"6-variate","rgtrue","ALC","BIP",0.0290900236077836,0.0134400958414524
2,"6-variate","rgtrue","ALC","BIP",0.0508864578320676,0.0127765040089642
3,"6-variate","rgtrue","ALC","BIP",0.0577026198337788,0.0151775079903919
4,"6-variate","rgtrue","ALC","BIP",0.0640549544528942,0.0158453779156
5,"6-variate","rgtrue","ALC","BIP",0.0706098256299466,0.0147946377522262
0,"2-variate","gamma","ANX","BIP",0.00169241025959418,0.0978737495686944
1,"2-variate","gamma","ANX","BIP",0.117993144424339,0.101714269885932
2,"2-variate","gamma","ANX","BIP",0.13579366509993,0.135636728771254
3,"2-variate","gamma","ANX","BIP",0.192219248929688,0.115959825202832
4,"2-variate","gamma","ANX","BIP",0.202700844111785,0.136936560644538
5,"2-variate","gamma","ANX","BIP",0.222670372066038,0.131985393160951
0,"6-variate","gamma","ANX","BIP",0.00169241025959418,0.0978737495686944
1,"6-variate","gamma","ANX","BIP",0.0939967232494241,0.0878870087511602
2,"6-variate","gamma","ANX","BIP",0.208254595987549,0.106621979442791
3,"6-variate","gamma","ANX","BIP",0.279226817586353,0.104978713293226
4,"6-variate","gamma","ANX","BIP",0.366012881963615,0.115526280072745
5,"6-variate","gamma","ANX","BIP",0.385985864620166,0.140206997273579
0,"2-variate","rgHE","ANX","BIP",0.000487565955818764,0.0281957838173737
1,"2-variate","rgHE","ANX","BIP",0.0339918363468053,0.0293021738307174
2,"2-variate","rgHE","ANX","BIP",0.0391198810109329,0.0390746615564072
3,"2-variate","rgHE","ANX","BIP",0.0553751584606971,0.033406077851413
4,"2-variate","rgHE","ANX","BIP",0.0583947225769037,0.0394491307356779
5,"2-variate","rgHE","ANX","BIP",0.0641475859420101,0.0380227781672052
0,"6-variate","rgHE","ANX","BIP",0.000487565955818764,0.0281957838173737
1,"6-variate","rgHE","ANX","BIP",0.0270788775749771,0.0253187683663042
2,"6-variate","rgHE","ANX","BIP",0.0599946572177794,0.0307160002350229
3,"6-variate","rgHE","ANX","BIP",0.0804405669494585,0.0302426033170356
4,"6-variate","rgHE","ANX","BIP",0.105442165204604,0.033281184187933
5,"6-variate","rgHE","ANX","BIP",0.111196058084295,0.04039127899942
0,"2-variate","rgtrue","ANX","BIP",0.0023093667377801,0.0098409500764984
1,"2-variate","rgtrue","ANX","BIP",0.0174460045521608,0.0125146422119343
2,"2-variate","rgtrue","ANX","BIP",0.0232737426700667,0.0151655817470449
3,"2-variate","rgtrue","ANX","BIP",0.0279099185523571,0.0154518497136505
4,"2-variate","rgtrue","ANX","BIP",0.0290543219803824,0.0158276089388009
5,"2-variate","rgtrue","ANX","BIP",0.0295735098818385,0.0168730232750405
0,"6-variate","rgtrue","ANX","BIP",0.0023093667377801,0.0098409500764984
1,"6-variate","rgtrue","ANX","BIP",0.012742624082645,0.0107238127970931
2,"6-variate","rgtrue","ANX","BIP",0.0257100555245172,0.0129093667726329
3,"6-variate","rgtrue","ANX","BIP",0.0283249163354646,0.0121689174596044
4,"6-variate","rgtrue","ANX","BIP",0.0372080071124554,0.0114851314499635
5,"6-variate","rgtrue","ANX","BIP",0.0370778902889616,0.0139617039659756
0,"2-variate","gamma","ADHD","MDD",-0.00052063467194421,0.0574570442363389
1,"2-variate","gamma","ADHD","MDD",0.152172754068253,0.0694948377741572
2,"2-variate","gamma","ADHD","MDD",0.274773056729963,0.084426725655572
3,"2-variate","gamma","ADHD","MDD",0.292784141874076,0.0814417216771241
4,"2-variate","gamma","ADHD","MDD",0.340794151721779,0.0730482657539871
5,"2-variate","gamma","ADHD","MDD",0.403456814648628,0.0931607528109994
0,"6-variate","gamma","ADHD","MDD",-0.00052063467194421,0.0574570442363389
1,"6-variate","gamma","ADHD","MDD",0.16553861160795,0.0656120658327358
2,"6-variate","gamma","ADHD","MDD",0.297630060552305,0.0817324708203683
3,"6-variate","gamma","ADHD","MDD",0.3865486619278,0.0801156393319414
4,"6-variate","gamma","ADHD","MDD",0.438741503059308,0.0842549990031263
5,"6-variate","gamma","ADHD","MDD",0.498930118740888,0.086987052348052
0,"2-variate","rgHE","ADHD","MDD",-0.000245487873576954,0.0270925528862605
1,"2-variate","rgHE","ADHD","MDD",0.0717535893119825,0.0327687039855699
2,"2-variate","rgHE","ADHD","MDD",0.129562948814866,0.0398094805434505
3,"2-variate","rgHE","ADHD","MDD",0.138055644091197,0.0384019764382242
4,"2-variate","rgHE","ADHD","MDD",0.160693651726477,0.0344442309249414
5,"2-variate","rgHE","ADHD","MDD",0.190240846528249,0.0439278195319983
0,"6-variate","rgHE","ADHD","MDD",-0.000245487873576954,0.0270925528862605
1,"6-variate","rgHE","ADHD","MDD",0.0780559338051506,0.0309378689390247
2,"6-variate","rgHE","ADHD","MDD",0.140340670042264,0.0385390758007475
3,"6-variate","rgHE","ADHD","MDD",0.182268177674056,0.0377766951918757
4,"6-variate","rgHE","ADHD","MDD",0.206878533724432,0.0397285158572991
5,"6-variate","rgHE","ADHD","MDD",0.235259107527345,0.0410167541371233
0,"2-variate","rgtrue","ADHD","MDD",0.000536026827771783,0.0103881759396448
1,"2-variate","rgtrue","ADHD","MDD",0.0394385741922406,0.0135818402808666
2,"2-variate","rgtrue","ADHD","MDD",0.0587806211279387,0.0150602489927034
3,"2-variate","rgtrue","ADHD","MDD",0.0723722068836362,0.015235795920448
4,"2-variate","rgtrue","ADHD","MDD",0.0879429582307408,0.0158458005612284
5,"2-variate","rgtrue","ADHD","MDD",0.0913849719895349,0.0164782623095639
0,"6-variate","rgtrue","ADHD","MDD",0.000536026827771783,0.0103881759396448
1,"6-variate","rgtrue","ADHD","MDD",0.0367089247383263,0.0119865404464184
2,"6-variate","rgtrue","ADHD","MDD",0.0649895351461995,0.0145566640173455
3,"6-variate","rgtrue","ADHD","MDD",0.0772345914673807,0.0162899112018469
4,"6-variate","rgtrue","ADHD","MDD",0.0939305743735448,0.0185678519100199
5,"6-variate","rgtrue","ADHD","MDD",0.100506437100977,0.0173575431654851
0,"2-variate","gamma","ALC","MDD",-0.00412386274469338,0.107347915677161
1,"2-variate","gamma","ALC","MDD",0.0982830027905717,0.0996447444001475
2,"2-variate","gamma","ALC","MDD",0.187087729256236,0.12996371119947
3,"2-variate","gamma","ALC","MDD",0.233833687818069,0.126496402945763
4,"2-variate","gamma","ALC","MDD",0.273011382441049,0.116278339443441
5,"2-variate","gamma","ALC","MDD",0.255928118640247,0.109680744239076
0,"6-variate","gamma","ALC","MDD",-0.00412386274469338,0.107347915677161
1,"6-variate","gamma","ALC","MDD",0.118285469884868,0.0868106751279589
2,"6-variate","gamma","ALC","MDD",0.218295716544982,0.0960801801169226
3,"6-variate","gamma","ALC","MDD",0.334023392248184,0.109046783043593
4,"6-variate","gamma","ALC","MDD",0.396318615322613,0.106669487631111
5,"6-variate","gamma","ALC","MDD",0.472464050366196,0.101719409106732
0,"2-variate","rgHE","ALC","MDD",-0.00141325484175228,0.0367885593847194
1,"2-variate","rgHE","ALC","MDD",0.0336819626884997,0.0341486566165131
2,"2-variate","rgHE","ALC","MDD",0.0641157352305708,0.0445390887128709
3,"2-variate","rgHE","ALC","MDD",0.0801357258139859,0.0433508375069838
4,"2-variate","rgHE","ALC","MDD",0.0935621370674152,0.0398490530993811
5,"2-variate","rgHE","ALC","MDD",0.0877076099810947,0.0375880360759743
0,"6-variate","rgHE","ALC","MDD",-0.00141325484175228,0.0367885593847194
1,"6-variate","rgHE","ALC","MDD",0.0405369414175326,0.0297503663215326
2,"6-variate","rgHE","ALC","MDD",0.0748108186788025,0.0329270579254664
3,"6-variate","rgHE","ALC","MDD",0.114471150232105,0.0373707710085504
4,"6-variate","rgHE","ALC","MDD",0.135819990830657,0.0365560695429669
5,"6-variate","rgHE","ALC","MDD",0.161915354708966,0.03485964746666
0,"2-variate","rgtrue","ALC","MDD",0.00152364712210118,0.0099860763691002
1,"2-variate","rgtrue","ALC","MDD",0.0215130748323153,0.0113054077080003
2,"2-variate","rgtrue","ALC","MDD",0.0329069726239349,0.0121502212444842
3,"2-variate","rgtrue","ALC","MDD",0.0372721203428244,0.0146383327511574
4,"2-variate","rgtrue","ALC","MDD",0.0470723817458099,0.015095045765905
5,"2-variate","rgtrue","ALC","MDD",0.0463800327508944,0.0152040822143649
0,"6-variate","rgtrue","ALC","MDD",0.00152364712210118,0.0099860763691002
1,"6-variate","rgtrue","ALC","MDD",0.0190577221225305,0.0117537428673934
2,"6-variate","rgtrue","ALC","MDD",0.0352099319524217,0.0116408398151078
3,"6-variate","rgtrue","ALC","MDD",0.047528442445843,0.013989537170139
4,"6-variate","rgtrue","ALC","MDD",0.0586408972317802,0.0141683604111491
5,"6-variate","rgtrue","ALC","MDD",0.0645871021911534,0.0127702749809816
0,"2-variate","gamma","ANX","MDD",-0.0138127330637155,0.0425826706057462
1,"2-variate","gamma","ANX","MDD",0.0798725301791609,0.0419396229266244
2,"2-variate","gamma","ANX","MDD",0.138839439972504,0.0367979170348588
3,"2-variate","gamma","ANX","MDD",0.170148547869646,0.0449072795776804
4,"2-variate","gamma","ANX","MDD",0.190756598156537,0.0468853379031684
5,"2-variate","gamma","ANX","MDD",0.201958811301802,0.0494158378359317
0,"6-variate","gamma","ANX","MDD",-0.0138127330637155,0.0425826706057462
1,"6-variate","gamma","ANX","MDD",0.0773340886411501,0.0351990072137251
2,"6-variate","gamma","ANX","MDD",0.157298506477995,0.0439796490814064
3,"6-variate","gamma","ANX","MDD",0.200319653481734,0.0369916761181587
4,"6-variate","gamma","ANX","MDD",0.224655646935951,0.0435369396365541
5,"6-variate","gamma","ANX","MDD",0.25185493095831,0.040423431043311
0,"2-variate","rgHE","ANX","MDD",-0.0120052473255554,0.0370103602525279
1,"2-variate","rgHE","ANX","MDD",0.0694205364676646,0.036451462410952
2,"2-variate","rgHE","ANX","MDD",0.120671131548694,0.031982588556732
3,"2-variate","rgHE","ANX","MDD",0.147883144653699,0.0390307672953262
4,"2-variate","rgHE","ANX","MDD",0.165794470775818,0.0407499849712449
5,"2-variate","rgHE","ANX","MDD",0.175530735779019,0.0429493444974475
0,"6-variate","rgHE","ANX","MDD",-0.0120052473255554,0.0370103602525279
1,"6-variate","rgHE","ANX","MDD",0.067214301519967,0.0305929152303949
2,"6-variate","rgHE","ANX","MDD",0.136714633196588,0.0382245376764988
3,"6-variate","rgHE","ANX","MDD",0.17410612611488,0.032151004601735
4,"6-variate","rgHE","ANX","MDD",0.195257580604476,0.0378397569843962
5,"6-variate","rgHE","ANX","MDD",0.218897593669773,0.0351336778391054
0,"2-variate","rgtrue","ANX","MDD",-0.00395390918639951,0.0124468421655297
1,"2-variate","rgtrue","ANX","MDD",0.0359909932214812,0.0121395645417765
2,"2-variate","rgtrue","ANX","MDD",0.0581484019548481,0.0141726886481069
3,"2-variate","rgtrue","ANX","MDD",0.0703648546813045,0.0146922096907728
4,"2-variate","rgtrue","ANX","MDD",0.0790934570499456,0.0151619409071255
5,"2-variate","rgtrue","ANX","MDD",0.0868574392375505,0.0158429365195651
0,"6-variate","rgtrue","ANX","MDD",-0.00395390918639951,0.0124468421655297
1,"6-variate","rgtrue","ANX","MDD",0.0352451651289956,0.0127135114055976
2,"6-variate","rgtrue","ANX","MDD",0.0589389176323011,0.0139235713438513
3,"6-variate","rgtrue","ANX","MDD",0.0781445367430847,0.0141190365029484
4,"6-variate","rgtrue","ANX","MDD",0.0899891439692193,0.0152975432469648
5,"6-variate","rgtrue","ANX","MDD",0.0934492755211269,0.0154183767513485
0,"2-variate","gamma","BIP","MDD",0.0159586853281979,0.0889771561103442
1,"2-variate","gamma","BIP","MDD",0.146201585935132,0.0999155240602535
2,"2-variate","gamma","BIP","MDD",0.148888307180185,0.0922339196118282
3,"2-variate","gamma","BIP","MDD",0.199227364263535,0.0893948115497987
4,"2-variate","gamma","BIP","MDD",0.260095324660619,0.117048637622329
5,"2-variate","gamma","BIP","MDD",0.257923351990537,0.111783574408513
0,"6-variate","gamma","BIP","MDD",0.0159586853281979,0.0889771561103442
1,"6-variate","gamma","BIP","MDD",0.130557729701039,0.113128639907564
2,"6-variate","gamma","BIP","MDD",0.223636857131584,0.108157157984159
3,"6-variate","gamma","BIP","MDD",0.303046546623054,0.099233379824716
4,"6-variate","gamma","BIP","MDD",0.363032530524964,0.100618211829672
5,"6-variate","gamma","BIP","MDD",0.408173697411039,0.11804400710805
0,"2-variate","rgHE","BIP","MDD",0.00539447551537172,0.0300768419883669
1,"2-variate","rgHE","BIP","MDD",0.0494203486572055,0.0337743295542681
2,"2-variate","rgHE","BIP","MDD",0.0503285501235312,0.0311777217220178
3,"2-variate","rgHE","BIP","MDD",0.0673446103007093,0.0302180225392972
4,"2-variate","rgHE","BIP","MDD",0.0879197118342856,0.0395658072584273
5,"2-variate","rgHE","BIP","MDD",0.0871855413158184,0.037786072786283
0,"6-variate","rgHE","BIP","MDD",0.00539447551537172,0.0300768419883669
1,"6-variate","rgHE","BIP","MDD",0.0441322842715337,0.0382407451948499
2,"6-variate","rgHE","BIP","MDD",0.0755957024988424,0.03656023304566
3,"6-variate","rgHE","BIP","MDD",0.102438489216184,0.0335437424654229
4,"6-variate","rgHE","BIP","MDD",0.122715449731092,0.0340118564832059
5,"6-variate","rgHE","BIP","MDD",0.137974435416918,0.0399022771977036
0,"2-variate","rgtrue","BIP","MDD",-0.000281965165485848,0.0123918016760507
1,"2-variate","rgtrue","BIP","MDD",0.0214274560291788,0.0120891318038772
2,"2-variate","rgtrue","BIP","MDD",0.0291521802609817,0.0116944537167566
3,"2-variate","rgtrue","BIP","MDD",0.0339266721974193,0.012416693811211
4,"2-variate","rgtrue","BIP","MDD",0.0384110463240428,0.0142987144826039
5,"2-variate","rgtrue","BIP","MDD",0.0414451759984867,0.0138235689305866
0,"6-variate","rgtrue","BIP","MDD",-0.000281965165485848,0.0123918016760507
1,"6-variate","rgtrue","BIP","MDD",0.0172615347437927,0.0133371259928198
2,"6-variate","rgtrue","BIP","MDD",0.0334355735185072,0.0134257060219022
3,"6-variate","rgtrue","BIP","MDD",0.0451953705770191,0.0127895100001549
4,"6-variate","rgtrue","BIP","MDD",0.0485145091952062,0.0143263788187182
5,"6-variate","rgtrue","BIP","MDD",0.0506537802919966,0.0157152927459018
0,"2-variate","gamma","ADHD","SCZ",-0.0138462546788358,0.14635265647218
1,"2-variate","gamma","ADHD","SCZ",0.375579941424593,0.161142666823433
2,"2-variate","gamma","ADHD","SCZ",0.554367904158817,0.229037628071857
3,"2-variate","gamma","ADHD","SCZ",0.62802889625639,0.229062546383445
4,"2-variate","gamma","ADHD","SCZ",0.759580500945257,0.222298720155528
5,"2-variate","gamma","ADHD","SCZ",0.780154323038809,0.250181861339848
0,"6-variate","gamma","ADHD","SCZ",-0.0138462546788358,0.14635265647218
1,"6-variate","gamma","ADHD","SCZ",0.298684857990938,0.158536778787329
2,"6-variate","gamma","ADHD","SCZ",0.640695504329869,0.175055768515469
3,"6-variate","gamma","ADHD","SCZ",0.818489327140044,0.230365385047315
4,"6-variate","gamma","ADHD","SCZ",0.967397652474325,0.231978181194714
5,"6-variate","gamma","ADHD","SCZ",1.09232493058453,0.228462068074037
0,"2-variate","rgHE","ADHD","SCZ",-0.00271939670043951,0.0287437090383596
1,"2-variate","rgHE","ADHD","SCZ",0.0737640272976716,0.0316484758443933
2,"2-variate","rgHE","ADHD","SCZ",0.108878006129288,0.0449830718691842
3,"2-variate","rgHE","ADHD","SCZ",0.12334511091155,0.0449879608815475
4,"2-variate","rgHE","ADHD","SCZ",0.149181861229187,0.0436595453591848
5,"2-variate","rgHE","ADHD","SCZ",0.153222565047945,0.0491358115923242
0,"6-variate","rgHE","ADHD","SCZ",-0.00271939670043951,0.0287437090383596
1,"6-variate","rgHE","ADHD","SCZ",0.058661810648919,0.0311366813563192
2,"6-variate","rgHE","ADHD","SCZ",0.125832787908372,0.0343810163884039
3,"6-variate","rgHE","ADHD","SCZ",0.160751590321017,0.0452438501521461
4,"6-variate","rgHE","ADHD","SCZ",0.189997266857151,0.0455606041108185
5,"6-variate","rgHE","ADHD","SCZ",0.214533024081574,0.0448700267295805
0,"2-variate","rgtrue","ADHD","SCZ",-0.00147476379103445,0.012282615227038
1,"2-variate","rgtrue","ADHD","SCZ",0.034824030180477,0.0147719638954223
2,"2-variate","rgtrue","ADHD","SCZ",0.0562616047959219,0.0210783901581299
3,"2-variate","rgtrue","ADHD","SCZ",0.0620663342758238,0.0197686566305711
4,"2-variate","rgtrue","ADHD","SCZ",0.0705913084440948,0.0220000296051812
5,"2-variate","rgtrue","ADHD","SCZ",0.0792958766415361,0.0237020227764992
0,"6-variate","rgtrue","ADHD","SCZ",-0.00147476379103445,0.012282615227038
1,"6-variate","rgtrue","ADHD","SCZ",0.0272522976615173,0.0151010301839782
2,"6-variate","rgtrue","ADHD","SCZ",0.0549027652747518,0.0155848525675131
3,"6-variate","rgtrue","ADHD","SCZ",0.0716655106725853,0.021702560140233
4,"6-variate","rgtrue","ADHD","SCZ",0.0843982588761005,0.0229596742665762
5,"6-variate","rgtrue","ADHD","SCZ",0.094804651229507,0.0227472620347792
0,"2-variate","gamma","ALC","SCZ",-0.0207581945004201,0.124384357656022
1,"2-variate","gamma","ALC","SCZ",0.318849625740524,0.142007634371799
2,"2-variate","gamma","ALC","SCZ",0.519344167666791,0.149746338581023
3,"2-variate","gamma","ALC","SCZ",0.656629132924143,0.127303476959254
4,"2-variate","gamma","ALC","SCZ",0.753702046255437,0.142161071214787
5,"2-variate","gamma","ALC","SCZ",0.817831901148317,0.144139908706326
0,"6-variate","gamma","ALC","SCZ",-0.0207581945004201,0.124384357656022
1,"6-variate","gamma","ALC","SCZ",0.291816172910515,0.123834820168441
2,"6-variate","gamma","ALC","SCZ",0.545377696686975,0.143437099769012
3,"6-variate","gamma","ALC","SCZ",0.735403339425483,0.149730389092465
4,"6-variate","gamma","ALC","SCZ",0.92136090957023,0.143675388840021
5,"6-variate","gamma","ALC","SCZ",1.04544918491336,0.154773336810841
0,"2-variate","rgHE","ALC","SCZ",-0.00452617543093323,0.0271210258811487
1,"2-variate","rgHE","ALC","SCZ",0.0695226252664265,0.0309636478449852
2,"2-variate","rgHE","ALC","SCZ",0.113238897278508,0.0326510109571213
3,"2-variate","rgHE","ALC","SCZ",0.143172812174675,0.0277575250366271
4,"2-variate","rgHE","ALC","SCZ",0.164338783234935,0.0309971003776222
5,"2-variate","rgHE","ALC","SCZ",0.178321828444895,0.0314285705715146
0,"6-variate","rgHE","ALC","SCZ",-0.00452617543093323,0.0271210258811487
1,"6-variate","rgHE","ALC","SCZ",0.0636282135926914,0.027001198116703
2,"6-variate","rgHE","ALC","SCZ",0.118915265974367,0.0312753257496926
3,"6-variate","rgHE","ALC","SCZ",0.160348884086705,0.0326475391013737
4,"6-variate","rgHE","ALC","SCZ",0.200895498692283,0.0313272828619046
5,"6-variate","rgHE","ALC","SCZ",0.227951925198942,0.0337471054813041
0,"2-variate","rgtrue","ALC","SCZ",-0.00342929870490331,0.0122261103094815
1,"2-variate","rgtrue","ALC","SCZ",0.0335571942802777,0.0127066960103207
2,"2-variate","rgtrue","ALC","SCZ",0.0556064452072086,0.0129716970160078
3,"2-variate","rgtrue","ALC","SCZ",0.0714614775341626,0.0108870840816238
4,"2-variate","rgtrue","ALC","SCZ",0.0803089737816953,0.0132202391560447
5,"2-variate","rgtrue","ALC","SCZ",0.088210142862577,0.0154416726079666
0,"6-variate","rgtrue","ALC","SCZ",-0.00342929870490331,0.0122261103094815
1,"6-variate","rgtrue","ALC","SCZ",0.0303579866367814,0.0122304241103551
2,"6-variate","rgtrue","ALC","SCZ",0.0556406231928578,0.0141311648120656
3,"6-variate","rgtrue","ALC","SCZ",0.0734423085384145,0.0128967739601478
4,"6-variate","rgtrue","ALC","SCZ",0.0900535098242096,0.0131639013283546
5,"6-variate","rgtrue","ALC","SCZ",0.0994790736184197,0.0139328055963438
0,"2-variate","gamma","ANX","SCZ",0.0155855298016532,0.0782672082547801
1,"2-variate","gamma","ANX","SCZ",0.264462060875562,0.0671275656298495
2,"2-variate","gamma","ANX","SCZ",0.377613890006429,0.093049734019798
3,"2-variate","gamma","ANX","SCZ",0.49642120823411,0.0801504667127495
4,"2-variate","gamma","ANX","SCZ",0.541017357258956,0.0788037749913718
5,"2-variate","gamma","ANX","SCZ",0.583361371632395,0.0846740686111539
0,"6-variate","gamma","ANX","SCZ",0.0155855298016532,0.0782672082547801
1,"6-variate","gamma","ANX","SCZ",0.249758717979456,0.0949428830497192
2,"6-variate","gamma","ANX","SCZ",0.417675279205681,0.090439364417757
3,"6-variate","gamma","ANX","SCZ",0.552748240143253,0.0931044900950058
4,"6-variate","gamma","ANX","SCZ",0.632532401848642,0.10019479420188
5,"6-variate","gamma","ANX","SCZ",0.672790933917338,0.0935316144386877
0,"2-variate","rgHE","ANX","SCZ",0.00565878752218241,0.0284173227500531
1,"2-variate","rgHE","ANX","SCZ",0.0960211249327708,0.0243727374353014
2,"2-variate","rgHE","ANX","SCZ",0.13710435593925,0.0337845803154447
3,"2-variate","rgHE","ANX","SCZ",0.180241020709775,0.0291010992828741
4,"2-variate","rgHE","ANX","SCZ",0.19643304891209,0.0286121460829053
5,"2-variate","rgHE","ANX","SCZ",0.211807327630369,0.0307435419662224
0,"6-variate","rgHE","ANX","SCZ",0.00565878752218241,0.0284173227500531
1,"6-variate","rgHE","ANX","SCZ",0.0906826108382998,0.0344719454913305
2,"6-variate","rgHE","ANX","SCZ",0.151649900781851,0.0328367998592512
3,"6-variate","rgHE","ANX","SCZ",0.200692307992182,0.0338044557380595
4,"6-variate","rgHE","ANX","SCZ",0.229660376417559,0.0363788102483514
5,"6-variate","rgHE","ANX","SCZ",0.244277531280963,0.0339595318220746
0,"2-variate","rgtrue","ANX","SCZ",0.00197057898515043,0.0094422378742451
1,"2-variate","rgtrue","ANX","SCZ",0.0470874149969626,0.0103645764990269
2,"2-variate","rgtrue","ANX","SCZ",0.0724853549044566,0.0130175271980512
3,"2-variate","rgtrue","ANX","SCZ",0.0865448993711723,0.0118083996921963
4,"2-variate","rgtrue","ANX","SCZ",0.0964007797651835,0.0132312179290419
5,"2-variate","rgtrue","ANX","SCZ",0.105300447860025,0.014563814169217
0,"6-variate","rgtrue","ANX","SCZ",0.00197057898515043,0.0094422378742451
1,"6-variate","rgtrue","ANX","SCZ",0.0421199830697892,0.0115693173414103
2,"6-variate","rgtrue","ANX","SCZ",0.0713239074775427,0.0141141192708282
3,"6-variate","rgtrue","ANX","SCZ",0.0895616058735118,0.0156323863677771
4,"6-variate","rgtrue","ANX","SCZ",0.101927490593844,0.015974745001602
5,"6-variate","rgtrue","ANX","SCZ",0.114049215364667,0.0147301783088429
0,"2-variate","gamma","BIP","SCZ",-0.00280940166897878,0.0358517394425434
1,"2-variate","gamma","BIP","SCZ",0.109622836936903,0.0426231596532973
2,"2-variate","gamma","BIP","SCZ",0.174482070424401,0.0554190134271244
3,"2-variate","gamma","BIP","SCZ",0.222995404507721,0.0452674688933024
4,"2-variate","gamma","BIP","SCZ",0.227596602193498,0.0548913766435268
5,"2-variate","gamma","BIP","SCZ",0.248258784649603,0.0512374571931702
0,"6-variate","gamma","BIP","SCZ",-0.00280940166897878,0.0358517394425434
1,"6-variate","gamma","BIP","SCZ",0.116708794294409,0.0388245432796678
2,"6-variate","gamma","BIP","SCZ",0.184850487671228,0.051875656234705
3,"6-variate","gamma","BIP","SCZ",0.247001020198499,0.057672579559512
4,"6-variate","gamma","BIP","SCZ",0.277577185555001,0.056137042112661
5,"6-variate","gamma","BIP","SCZ",0.314099775883132,0.0533223901699396
0,"2-variate","rgHE","BIP","SCZ",-0.00191738191066046,0.0244683568160448
1,"2-variate","rgHE","BIP","SCZ",0.0748162087177698,0.0290897571998929
2,"2-variate","rgHE","BIP","SCZ",0.119081825387983,0.0378227752175333
3,"2-variate","rgHE","BIP","SCZ",0.152191518797443,0.0308944739890226
4,"2-variate","rgHE","BIP","SCZ",0.155331812436431,0.0374626701659837
5,"2-variate","rgHE","BIP","SCZ",0.169433477134158,0.0349689189418194
0,"6-variate","rgHE","BIP","SCZ",-0.00191738191066046,0.0244683568160448
1,"6-variate","rgHE","BIP","SCZ",0.0796522984555312,0.0264972574197462
2,"6-variate","rgHE","BIP","SCZ",0.126158117306046,0.0354044834408223
3,"6-variate","rgHE","BIP","SCZ",0.168575068821771,0.0393607964630589
4,"6-variate","rgHE","BIP","SCZ",0.189442940950218,0.0383128280538936
5,"6-variate","rgHE","BIP","SCZ",0.214369138691021,0.0363918592371911
0,"2-variate","rgtrue","BIP","SCZ",-0.000831674362621313,0.0104642731915144
1,"2-variate","rgtrue","BIP","SCZ",0.0376628702036863,0.0118143968667015
2,"2-variate","rgtrue","BIP","SCZ",0.0631139753375715,0.0155911628862991
3,"2-variate","rgtrue","BIP","SCZ",0.0701660225954661,0.0145038360873761
4,"2-variate","rgtrue","BIP","SCZ",0.0783921105431678,0.0167125215481671
5,"2-variate","rgtrue","BIP","SCZ",0.0813599056881607,0.0164570954983044
0,"6-variate","rgtrue","BIP","SCZ",-0.000831674362621313,0.0104642731915144
1,"6-variate","rgtrue","BIP","SCZ",0.0405280718719634,0.0125444863731507
2,"6-variate","rgtrue","BIP","SCZ",0.060756808585963,0.0163229316246108
3,"6-variate","rgtrue","BIP","SCZ",0.0764736667376076,0.0148491574688771
4,"6-variate","rgtrue","BIP","SCZ",0.0900672677874225,0.017079379511896
5,"6-variate","rgtrue","BIP","SCZ",0.0956260164793395,0.0179359014869835
0,"2-variate","gamma","MDD","SCZ",0.00245347288807341,0.0787751829327491
1,"2-variate","gamma","MDD","SCZ",0.187906932010597,0.0929682950474391
2,"2-variate","gamma","MDD","SCZ",0.288196428275149,0.0850498876088484
3,"2-variate","gamma","MDD","SCZ",0.319849498660314,0.112315658761445
4,"2-variate","gamma","MDD","SCZ",0.363481253001187,0.112587577010992
5,"2-variate","gamma","MDD","SCZ",0.386548344456655,0.102045073971862
0,"6-variate","gamma","MDD","SCZ",0.00245347288807341,0.0787751829327491
1,"6-variate","gamma","MDD","SCZ",0.149317854648463,0.0874653693468287
2,"6-variate","gamma","MDD","SCZ",0.349286407471709,0.103877285246958
3,"6-variate","gamma","MDD","SCZ",0.435990965543695,0.0897729375042293
4,"6-variate","gamma","MDD","SCZ",0.507311868575281,0.101440156855592
5,"6-variate","gamma","MDD","SCZ",0.571613573664206,0.0979107802952853
0,"2-variate","rgHE","MDD","SCZ",0.000870423012787874,0.0279472632630052
1,"2-variate","rgHE","MDD","SCZ",0.0666642487898885,0.032982590266333
2,"2-variate","rgHE","MDD","SCZ",0.102244179933181,0.030173355626432
3,"2-variate","rgHE","MDD","SCZ",0.113473819546913,0.0398465004102541
4,"2-variate","rgHE","MDD","SCZ",0.128953078457736,0.0399429665612115
5,"2-variate","rgHE","MDD","SCZ",0.137136695526702,0.0362027829554224
0,"6-variate","rgHE","MDD","SCZ",0.000870423012787874,0.0279472632630052
1,"6-variate","rgHE","MDD","SCZ",0.0529738581558532,0.0310303008069065
2,"6-variate","rgHE","MDD","SCZ",0.123917172097393,0.03685279696935
3,"6-variate","rgHE","MDD","SCZ",0.154677560055369,0.0318489674651475
4,"6-variate","rgHE","MDD","SCZ",0.179980251983892,0.0359881662778799
5,"6-variate","rgHE","MDD","SCZ",0.202792686319628,0.034736046273
0,"2-variate","rgtrue","MDD","SCZ",0.00174009250954165,0.0107098241196598
1,"2-variate","rgtrue","MDD","SCZ",0.0296454238534432,0.0124172157838005
2,"2-variate","rgtrue","MDD","SCZ",0.0480163238412068,0.0126486757644619
3,"2-variate","rgtrue","MDD","SCZ",0.0547036939107481,0.0151567859724027
4,"2-variate","rgtrue","MDD","SCZ",0.0634874115419166,0.0132154531262823
5,"2-variate","rgtrue","MDD","SCZ",0.0647766443077831,0.015246294284418
0,"6-variate","rgtrue","MDD","SCZ",0.00174009250954165,0.0107098241196598
1,"6-variate","rgtrue","MDD","SCZ",0.0289591198035244,0.0108059119162274
2,"6-variate","rgtrue","MDD","SCZ",0.0480270357663189,0.0133674400812546
3,"6-variate","rgtrue","MDD","SCZ",0.0678762849542672,0.0138544431925449
4,"6-variate","rgtrue","MDD","SCZ",0.0765525657560491,0.0139821375459211
5,"6-variate","rgtrue","MDD","SCZ",0.0846742283692243,0.0153709391319139
